participant_id,RA,score_source,gouge,placebo,psalm,depot,equivocal,bouquet,demesne,ennui,indict,caveat,sidereal,gauche,hors d'oeuvre,paradigm,leviathan,corps,impugn,recipe,aisle,sieve,subtle,epergne,quadrupled,gaoled,superfluous,talipes,simile,heir,banal,radix,detente,topiary,assignate,gauge,reify,vivace,zealot,epitome,aeon,cellist,colonel,beatify,lingerie,debt,synecdoche,facade,hiatus,drachm,capon,ci-devant,syncope,catacomb,rarefy,abstemious,prelate,procreate,reign,indices,gist,subpoena,debris
ReXa_010,SC,recording,0,1,1,1,1,1,0,1,1,1,0,1,1,1,1,1,1,1,1,0,1,0,1,0,1,1,1,1,0,0,0,1,1,1,1,0,1,1,0,0,1,0,1,1,0,1,1,0,0,0,1,1,1,0,1,1,1,1,1,1,1
ReXa_020,SC,recording,1,1,1,1,1,1,0,0,1,0,0,0,1,1,1,0,1,1,1,1,1,0,1,0,0,0,1,1,0,0,0,1,0,1,0,0,1,1,1,0,1,0,1,1,0,1,1,0,0,0,0,1,1,0,1,1,1,1,1,1,1
ReXa_027,SC,recording,1,1,1,1,1,0,0,0,1,1,0,0,1,1,1,1,1,1,1,0,1,0,1,0,1,0,1,1,0,1,0,0,0,0,1,0,1,1,0,1,1,1,1,0,0,1,1,0,0,0,1,1,1,1,1,1,1,0,1,1,1
ReXa_034,AMW,recording,1,1,1,1,1,1,0,1,0,1,0,1,0,0,1,0,0,1,1,1,0,0,1,0,0,1,1,1,0,0,0,0,1,1,0,0,1,0,1,0,1,1,1,1,0,0,1,0,0,0,1,1,1,1,1,1,1,0,0,1,1
ReXa_040,SC,recording,1,1,1,1,1,1,0,1,1,1,1,1,1,1,1,1,1,1,1,0,1,1,1,0,1,0,1,1,1,0,1,1,0,1,1,1,1,1,1,1,1,1,1,1,0,1,1,0,1,0,0,1,1,0,1,1,1,1,1,1,1
ReXa_041,SC,recording,0,1,1,1,1,1,0,0,0,1,0,1,1,1,1,1,0,1,1,0,1,0,1,0,0,0,1,1,0,1,0,1,0,1,0,0,1,1,1,0,1,0,1,1,1,1,1,0,0,0,0,1,1,0,1,1,1,1,1,1,1
ReXa_042,SC,recording,1,1,1,1,1,1,0,0,0,1,0,1,1,1,0,1,0,1,1,1,1,0,1,0,1,0,1,0,0,0,0,1,0,1,0,0,0,0,0,1,1,0,1,1,0,1,1,0,1,0,0,1,0,0,0,1,1,0,1,1,1
ReXa_043,SC,recording,1,1,1,1,1,1,0,0,1,1,0,1,1,1,0,1,0,1,1,1,1,0,1,0,0,0,1,1,0,1,1,1,0,1,0,0,1,0,0,1,1,0,1,1,0,1,1,0,0,0,0,1,1,0,1,1,1,1,1,1,1
ReXa_044,SC,recording,0,0,1,1,1,1,0,0,1,0,0,0,1,1,0,0,0,1,1,0,1,0,1,0,1,0,1,1,0,1,1,1,0,1,0,0,0,1,0,0,1,0,1,1,0,0,1,0,0,0,0,1,1,0,1,1,1,1,1,1,1
ReXa_045,SC,recording,1,1,1,1,1,1,0,0,1,1,0,1,1,1,1,1,1,1,1,1,1,1,1,0,1,0,1,1,0,0,1,1,0,1,1,1,1,1,0,1,1,0,1,1,0,1,1,0,0,0,0,1,1,1,1,1,1,1,1,1,1
ReXa_046,AMW,recording,1,0,1,1,1,1,0,0,1,1,0,1,1,1,1,1,1,1,1,1,1,0,1,1,0,0,1,1,0,1,0,1,1,1,0,0,1,1,1,1,1,1,1,1,0,1,1,0,1,0,1,1,1,0,0,1,1,1,1,1,1
ReXa_047,SC,recording,1,1,1,1,1,1,0,1,1,1,0,1,1,1,1,1,1,1,1,0,1,1,1,0,1,0,1,1,1,1,1,1,1,1,0,0,1,1,1,1,1,0,1,1,0,1,1,0,0,0,1,1,1,1,1,1,1,1,1,1,1
ReXa_048,SC,recording,1,1,1,1,1,1,0,0,1,1,0,0,1,1,0,1,1,1,1,0,1,0,1,0,1,0,1,1,0,1,0,1,0,1,0,0,0,1,1,1,1,0,1,1,0,1,1,0,0,0,0,1,1,0,1,1,1,0,1,1,1
ReXa_049,SC,recording,1,1,1,1,1,1,0,0,1,1,0,0,1,0,0,0,0,1,1,0,1,0,1,0,0,0,1,1,0,1,0,0,0,0,0,0,0,1,0,1,1,0,1,1,0,1,1,0,0,0,0,1,0,0,1,1,1,0,1,1,1
ReXa_050,SC,recording,1,1,1,0,1,0,0,0,0,1,0,0,0,0,1,0,1,1,1,0,1,0,1,0,0,0,1,0,1,0,0,1,0,0,1,0,0,0,1,0,0,0,1,1,0,1,1,0,1,1,0,1,1,1,1,1,1,1,1,0,1
ReXa_051,SC,recording,1,1,1,1,1,1,0,1,1,1,0,0,0,1,0,1,0,1,1,0,1,0,1,0,1,0,1,1,0,0,0,1,1,0,1,1,1,1,0,1,1,0,1,1,0,1,1,0,0,0,0,0,1,1,1,1,1,1,1,1,1
ReXa_052,SC,recording,1,0,1,1,1,1,0,0,0,1,0,0,0,0,0,1,0,1,1,0,1,0,1,0,0,0,1,1,0,0,0,1,0,1,0,0,1,1,0,0,1,0,1,1,0,0,1,0,0,0,0,1,1,0,1,1,1,0,0,1,1
ReXa_053,SC,recording,1,0,1,1,1,1,0,1,1,1,1,1,1,1,1,1,1,1,1,1,1,0,0,0,1,0,1,1,1,1,1,1,1,0,0,1,1,1,1,1,1,0,1,1,0,1,1,0,1,0,0,1,0,1,1,1,1,1,1,1,1
ReXa_055,SC,recording,0,1,1,1,1,1,1,0,1,1,0,0,1,1,1,1,1,1,1,0,1,1,1,0,1,0,1,1,0,1,0,1,1,1,0,0,1,1,1,1,1,0,1,1,0,1,1,0,1,0,0,1,1,1,1,1,1,1,1,1,1
ReXa_056,SC,recording,1,1,1,1,1,1,0,0,0,1,0,1,1,1,1,1,1,1,1,1,1,1,1,0,1,0,1,1,0,1,1,1,0,1,0,0,1,0,1,0,1,0,1,1,0,1,1,0,1,0,1,1,1,0,1,1,1,1,1,1,1
ReXa_059,SC,recording,1,1,1,0,1,1,0,0,0,0,0,0,1,0,0,0,0,1,1,0,0,0,1,0,0,0,1,1,0,0,0,1,0,1,0,0,0,0,0,0,1,0,1,1,0,0,1,0,0,0,0,1,1,0,1,1,1,0,0,1,1
ReXa_060,SC,recording,1,1,1,1,1,1,0,0,1,1,0,0,0,0,1,1,1,1,1,0,1,0,1,0,1,0,1,1,0,0,0,1,0,0,0,0,0,0,0,1,1,0,1,1,0,0,1,0,0,0,0,1,1,1,1,1,1,0,1,1,1
ReXa_061,SC,recording,1,1,1,1,1,1,0,0,1,1,0,1,1,1,1,0,1,1,1,1,1,0,1,0,1,0,1,1,0,1,1,1,1,1,0,0,1,1,0,1,1,1,1,1,0,1,1,0,0,0,0,1,1,1,1,1,1,0,1,1,1
ReXa_062,SC,recording,1,0,1,0,1,0,0,0,1,1,0,0,1,1,1,1,1,1,1,1,1,0,1,0,1,0,1,1,0,0,0,1,1,1,0,1,1,1,0,1,1,1,1,1,1,1,1,0,0,0,1,1,1,0,1,1,1,1,1,1,1
ReXa_063,SC,recording,1,1,1,1,1,1,1,1,1,1,1,1,1,1,1,1,1,1,1,0,1,0,1,1,1,0,1,1,1,0,1,1,0,1,1,1,1,1,0,1,1,1,1,1,1,1,1,0,1,0,1,1,1,1,1,1,1,1,1,1,1
ReXa_064,SC,recording,0,1,1,0,1,0,0,0,1,0,0,1,1,0,0,1,0,1,1,0,1,0,1,0,0,0,1,1,0,0,0,0,0,1,0,0,1,1,1,0,1,0,1,1,0,1,1,0,0,0,0,1,1,0,0,1,1,0,1,1,1
ReXa_065,SC,recording,1,1,1,1,1,1,0,0,1,1,0,0,1,1,1,1,1,1,1,1,1,0,1,0,1,0,1,1,0,0,1,1,0,0,1,1,1,1,0,1,1,0,1,1,0,1,1,0,0,0,0,1,1,1,1,0,1,1,1,1,1
ReXa_066,SC,recording,1,0,1,1,1,1,0,0,1,1,0,0,0,1,1,1,1,1,1,0,1,1,1,0,1,1,1,1,0,0,1,1,1,0,1,0,0,1,0,0,1,0,1,1,0,1,1,0,0,0,0,1,1,0,1,1,1,1,1,1,1
ReXa_067,SC,recording,1,0,1,1,1,1,0,0,1,1,1,1,1,1,1,1,1,1,1,1,1,1,1,1,1,0,1,1,1,1,1,1,1,0,1,1,1,1,0,1,1,1,1,1,1,1,1,0,1,0,1,1,1,1,1,1,1,1,1,1,1
ReXa_068,AMW,recording,1,1,1,1,1,0,0,1,1,1,0,0,1,1,0,1,1,1,1,0,1,0,1,0,1,0,1,1,1,0,0,1,1,1,1,0,1,1,1,1,1,0,1,1,1,1,1,0,0,0,1,1,1,0,1,1,1,1,1,1,1
ReXa_069,SC,recording,1,1,1,1,1,1,0,1,1,1,0,1,1,1,0,1,1,1,1,0,1,0,1,0,1,0,1,1,1,1,0,1,0,0,1,0,1,1,1,1,1,0,1,1,0,1,1,1,0,0,0,1,1,0,1,1,1,0,1,1,1
ReXa_071,SC,recording,1,0,1,1,0,1,0,0,0,1,0,0,0,1,0,0,0,1,1,0,1,1,1,0,1,1,0,0,1,0,0,0,0,0,0,0,1,0,1,1,0,0,0,1,0,1,1,0,0,0,0,1,1,1,1,0,1,0,1,1,1
ReXa_072,SC,recording,1,0,1,1,1,1,1,1,1,1,1,1,1,1,1,1,1,1,1,1,1,0,1,0,1,0,1,1,1,0,1,1,1,1,1,1,1,1,1,1,1,0,1,1,0,1,1,0,0,0,1,1,1,0,0,1,1,1,1,1,1
ReXa_073,SC,recording,1,1,1,1,1,1,0,0,1,1,0,0,1,1,0,1,1,1,1,1,1,0,1,0,0,1,1,1,1,0,0,0,0,1,1,0,1,1,1,1,1,0,1,1,0,1,1,0,0,0,1,1,1,0,1,1,1,1,1,1,1
ReXa_074,SC,recording,1,0,1,1,1,1,0,1,1,1,0,1,1,1,1,1,1,1,1,1,1,1,1,1,1,0,1,1,1,1,1,1,1,1,1,0,1,1,1,1,1,0,1,1,1,1,1,0,0,0,1,1,1,1,1,1,1,1,1,1,1
ReXa_075,SC,recording,0,1,1,1,1,0,0,0,0,1,0,0,0,1,1,0,0,0,0,0,0,0,1,0,0,0,1,1,1,0,0,0,0,0,0,0,0,0,1,0,0,0,0,1,0,0,0,0,0,0,0,1,1,0,1,1,1,0,0,0,1
ReXa_076,SC,recording,1,1,1,1,1,1,1,1,1,1,0,1,1,1,1,1,1,1,1,1,1,1,1,1,1,0,1,1,1,1,1,1,1,1,1,0,1,1,1,1,1,0,1,1,1,1,1,0,0,1,1,1,1,1,1,1,1,1,1,1,1
ReXa_077,SC,recording,0,0,0,0,1,1,0,0,1,1,0,0,1,1,1,1,0,1,1,0,1,0,1,0,1,0,1,1,0,0,1,1,1,1,0,0,1,1,0,1,1,0,1,1,0,1,1,0,0,0,0,1,1,0,1,1,1,0,1,1,1
ReXa_080,AMW,recording,1,1,1,1,1,1,1,0,1,1,0,0,1,1,1,1,1,1,1,1,1,1,1,1,1,0,1,1,1,1,1,1,1,1,0,0,1,1,1,1,1,1,1,1,0,1,1,1,0,0,0,1,1,1,1,1,1,1,1,1,1
ReXa_087,AMW,recording,1,1,1,1,1,1,0,1,1,1,0,0,1,1,1,1,1,1,1,1,1,1,1,0,1,1,1,1,1,1,1,1,1,0,0,0,1,1,0,1,1,0,1,1,0,1,1,0,1,0,0,1,1,1,1,1,1,1,1,1,1
ReXa_095,AMW,recording,1,1,0,1,1,1,0,0,1,1,0,0,0,1,0,0,0,1,1,0,0,0,1,0,0,0,1,0,1,0,0,0,0,0,0,0,1,0,1,0,1,0,1,1,0,1,1,0,0,0,0,1,1,1,1,1,1,1,1,1,1
ReXa_100,SC,recording,1,0,1,0,0,1,0,0,0,0,0,0,0,0,0,0,0,1,1,0,1,1,1,0,0,0,1,1,1,1,0,1,0,0,0,1,0,0,0,1,1,0,0,1,0,1,0,0,1,0,0,0,0,0,0,1,1,0,1,0,1
ReXa_103,AMW,recording,1,1,1,1,1,1,0,0,1,1,0,0,1,1,0,1,1,1,1,0,1,0,0,0,0,0,1,1,1,0,0,0,0,1,0,0,1,1,0,1,0,0,1,1,0,1,1,0,0,0,0,1,1,1,1,1,1,1,1,1,1
ReXa_109,AMW,recording,1,1,1,1,1,1,0,0,1,1,0,0,1,1,0,0,1,1,1,0,1,0,1,0,1,0,1,1,1,1,0,1,0,1,0,0,1,1,1,0,0,0,1,1,0,1,1,0,0,0,1,1,1,1,1,1,1,1,1,1,1
ReXa_110,AMW,recording,1,1,1,1,1,1,0,0,1,1,0,0,1,1,1,0,1,1,1,0,1,0,1,0,0,0,1,1,1,1,0,1,0,0,0,0,1,1,0,1,0,0,1,1,1,1,1,0,0,0,0,1,1,0,1,1,1,0,1,1,1
ReXa_114,AMW,recording,1,1,1,1,1,1,1,0,1,1,0,0,1,1,1,1,1,1,1,1,1,0,1,0,1,0,1,1,1,1,0,0,1,1,1,1,1,1,0,1,1,1,1,0,0,1,1,0,1,0,1,1,1,1,1,1,1,1,1,1,1
ReXa_116,SC,live,1,0,1,1,1,1,0,0,0,1,1,1,1,1,0,1,0,1,1,1,1,0,1,0,0,0,1,1,0,1,0,1,0,1,0,0,1,1,0,1,1,0,1,1,0,1,1,0,1,0,0,1,1,0,1,1,1,1,1,1,1
ReXa_118,SC,recording,1,1,1,1,1,1,0,1,1,1,1,1,1,1,1,1,1,1,1,1,1,1,1,0,1,1,0,1,1,1,1,1,1,1,1,0,1,1,1,1,1,0,1,1,1,1,1,0,0,0,1,1,1,1,1,1,1,1,1,1,1
ReXa_120,SC,live,0,0,1,1,1,1,0,0,1,1,0,0,1,0,0,0,1,1,1,1,1,0,0,0,1,0,1,1,1,0,0,0,1,1,0,0,1,1,0,1,1,0,1,1,0,1,1,0,1,0,0,1,1,0,1,1,1,0,1,1,1
ReXa_125,SC,recording,1,1,1,0,1,1,0,1,1,1,0,1,1,1,1,1,1,1,1,1,1,1,1,1,1,0,1,1,1,1,1,1,1,0,1,1,1,0,1,1,1,1,1,1,0,1,1,0,1,0,1,1,1,1,1,1,1,1,1,1,1
ReXa_127,SC,live,1,1,1,1,1,1,0,0,1,0,0,0,1,1,0,0,0,1,1,0,1,0,1,0,0,0,0,0,0,0,0,0,0,1,0,0,1,1,0,0,0,0,1,1,0,1,0,0,0,0,0,0,0,0,1,0,1,0,1,1,0
ReXa_128,SC,live,1,1,1,1,1,1,0,0,1,1,0,1,1,1,1,1,1,1,1,0,1,0,1,0,1,0,1,1,0,0,0,0,0,1,1,0,1,1,0,0,1,0,1,1,1,1,1,0,1,0,0,1,0,0,0,1,1,0,1,1,1
ReXa_129,SC,recording,1,1,1,1,1,1,0,1,1,1,0,0,1,1,1,1,1,1,1,0,1,0,1,0,1,0,1,1,1,1,1,1,1,0,0,0,0,1,1,0,1,0,1,1,1,1,1,0,0,0,0,1,1,0,1,1,1,1,1,1,1
ReXa_130,SC,recording,0,1,1,1,0,1,0,0,1,1,0,0,0,1,1,0,1,1,1,0,1,1,1,0,0,0,1,0,0,1,0,1,0,0,0,0,0,1,1,0,0,0,1,1,0,1,1,0,0,0,0,1,1,1,1,1,1,1,1,1,0
ReXa_131,SC,recording,0,1,1,1,1,1,0,0,0,1,0,0,0,0,1,0,0,0,1,0,1,0,1,0,0,0,0,1,1,0,0,0,0,1,0,0,1,0,0,0,0,0,1,1,0,1,1,0,0,0,0,1,1,0,1,1,1,0,1,0,1
ReXa_138,SC,recording,1,1,1,1,1,1,1,1,1,1,1,0,1,1,1,1,1,1,1,1,1,1,1,1,1,0,1,1,1,0,1,1,1,1,1,1,1,1,1,1,1,0,1,1,0,1,1,1,1,0,1,1,1,1,1,1,1,1,1,1,1
ReXa_140,SC,recording,1,1,1,1,1,1,0,1,1,1,0,1,1,1,1,0,0,1,1,1,1,0,1,0,1,0,1,1,1,0,1,1,0,0,1,0,0,1,0,1,1,0,1,1,0,1,1,0,0,0,0,1,1,1,1,1,1,1,1,1,1
ReXa_142,SC,recording,1,0,1,1,1,1,0,0,1,1,0,1,1,1,1,1,1,1,1,0,1,1,1,0,1,0,1,1,1,0,0,1,1,1,1,0,1,1,0,1,1,1,1,1,0,1,1,0,1,0,0,1,1,0,1,1,1,0,1,1,1
ReXa_144,SC,recording,1,1,1,1,1,1,1,1,1,1,0,1,1,1,0,1,0,1,1,1,1,0,1,1,0,1,1,1,1,1,1,1,1,0,1,0,1,1,1,0,1,1,1,1,0,1,1,0,1,0,0,1,1,0,1,1,1,1,1,1,1
ReXa_145,SC,recording,1,1,1,0,0,1,0,0,1,1,0,0,0,0,0,1,1,1,1,0,1,0,1,0,0,0,1,1,1,1,0,1,0,0,1,0,0,0,0,0,1,0,1,1,0,0,1,0,0,0,0,1,0,0,1,1,1,0,0,1,1
ReXa_147,SC,recording,1,1,1,1,1,1,0,0,0,1,0,0,1,1,0,0,1,1,1,0,1,0,1,0,1,0,1,1,1,0,0,1,0,1,0,0,0,1,0,0,1,0,1,1,0,1,1,0,1,0,0,1,1,0,1,1,1,0,1,1,1
ReXa_153,SC,live,0,0,1,0,0,0,0,0,0,0,0,0,1,0,0,0,0,1,1,0,0,0,0,0,0,0,0,0,0,1,0,0,0,0,0,0,0,0,0,0,1,0,1,0,0,0,0,0,1,0,0,0,0,0,1,0,0,0,0,1,0
ReXa_154,SC,recording,0,1,1,1,1,1,0,1,1,1,0,1,1,1,1,0,1,1,1,0,1,1,1,0,1,0,1,1,1,0,0,1,1,1,1,0,1,1,1,1,1,1,1,1,0,1,1,0,0,0,0,1,1,1,1,1,1,0,1,1,1
ReXa_155,SC,recording,1,1,1,1,1,1,1,0,1,1,1,1,1,1,1,1,1,1,1,1,1,1,1,0,1,0,1,1,1,0,0,1,1,1,1,1,1,1,0,1,1,0,1,1,0,1,1,1,1,0,0,1,1,1,1,1,1,1,1,1,1
ReXa_157,SC,live,0,1,1,0,1,1,0,0,0,0,0,1,0,0,1,0,0,1,1,0,1,0,1,0,0,0,0,1,0,1,1,0,0,1,0,0,1,1,1,0,1,0,0,1,0,1,1,0,1,0,0,1,1,0,1,1,1,0,0,1,1
ReXa_160,SC,recording,1,1,1,1,1,1,0,0,1,0,0,1,0,1,0,0,1,1,1,0,1,1,1,0,0,0,1,1,1,0,0,1,1,0,0,0,0,0,0,0,1,0,1,1,0,1,1,0,0,0,0,1,0,0,1,1,1,0,1,1,1
ReXa_162,SC,live,0,1,1,1,1,1,0,1,0,0,0,0,1,0,0,1,0,0,0,0,1,0,1,0,0,0,1,1,0,1,0,1,0,1,0,0,0,1,1,0,1,0,1,1,0,1,1,0,0,0,0,1,1,0,1,1,1,0,1,1,1
ReXa_163,SC,recording,0,1,1,1,1,1,0,0,1,1,0,0,0,1,0,1,1,1,1,0,1,1,1,0,0,0,1,1,1,0,0,0,1,0,0,0,1,1,0,1,0,0,1,1,0,1,1,0,0,0,1,1,1,0,1,1,1,0,0,1,1
ReXa_164,SC,live,1,1,1,1,1,1,1,1,1,1,1,1,1,1,1,1,1,1,1,1,1,1,1,0,1,0,1,1,1,1,1,1,0,1,1,0,1,1,0,1,1,1,1,1,0,1,1,0,0,0,0,1,1,0,1,1,1,1,1,1,1
ReXa_165,SC,recording,1,1,1,1,1,1,0,0,1,0,0,1,1,1,0,1,1,1,1,0,1,0,1,0,1,0,1,1,1,0,0,1,0,1,0,0,0,1,0,1,1,0,1,1,1,1,1,0,0,0,0,1,1,0,1,1,1,1,1,1,1
ReXa_171,SC,recording,1,1,1,1,1,1,1,0,1,1,0,0,0,1,0,1,1,1,1,0,1,1,1,0,0,0,1,1,1,0,1,1,1,0,1,0,1,1,1,1,1,1,1,1,0,1,1,0,0,0,1,0,1,1,1,1,1,0,1,1,1
ReXa_172,SC,live,1,1,1,1,1,1,0,1,1,1,0,0,1,1,1,1,1,1,1,1,1,0,1,0,0,0,1,1,1,0,0,1,0,1,0,0,1,1,1,0,1,0,1,1,0,1,1,0,1,0,0,1,1,0,1,1,1,1,1,1,1
ReXa_176,SC,live,1,1,1,1,1,1,0,0,1,1,1,0,0,1,0,1,1,1,1,0,1,1,1,0,1,0,1,1,1,1,0,1,1,0,0,0,1,1,0,1,1,1,1,1,1,1,1,0,0,0,1,1,0,1,1,1,1,0,1,1,1
ReXa_177,SC,recording,1,1,1,0,1,1,0,0,1,1,0,0,1,1,0,0,1,1,1,1,0,0,1,0,0,0,1,1,1,0,0,0,0,0,0,0,1,1,1,0,1,0,1,1,0,1,1,0,1,0,1,1,1,0,1,0,1,0,0,1,1
ReXa_179,SC,recording,1,1,1,1,1,1,0,0,0,1,0,0,0,0,1,0,1,1,1,1,1,1,1,0,0,0,1,1,1,0,0,1,0,1,0,0,1,1,1,0,1,0,1,1,0,1,1,0,1,0,0,1,1,0,1,1,1,0,1,1,1
ReXa_183,SC,recording,1,1,1,1,1,1,0,1,1,0,0,1,1,1,0,1,1,1,1,1,1,0,1,0,0,0,1,1,1,0,1,1,0,1,0,0,1,1,0,1,1,0,1,1,0,1,1,0,0,0,0,1,0,0,1,1,1,1,1,1,1
ReXa_183,SC,recording,1,1,1,1,1,1,0,1,1,0,0,1,1,1,0,1,1,1,1,1,1,0,1,0,0,0,1,1,1,0,1,1,0,1,0,0,1,1,0,1,1,0,1,1,0,1,1,0,0,0,0,1,0,0,1,1,1,1,1,1,1
ReXa_187,SC,recording,1,1,1,1,1,1,0,0,1,1,0,0,1,0,0,0,1,1,1,0,1,1,1,0,0,0,1,1,1,1,0,0,0,0,0,0,1,0,0,0,1,0,1,1,0,1,1,0,1,0,1,1,1,1,1,1,1,1,1,1,1
ReXa_190,SC,recording,1,1,1,1,1,1,0,1,1,1,1,1,1,1,1,0,1,1,1,0,1,0,1,0,1,0,1,1,1,1,1,1,0,1,1,0,1,1,1,0,1,0,1,1,0,1,1,0,1,0,0,1,1,0,1,1,1,1,1,1,1
ReXa_196,SC,recording,1,1,1,1,1,1,0,1,1,1,0,1,1,1,1,1,1,1,1,0,1,1,1,0,1,0,1,1,1,1,1,1,0,0,1,1,1,1,1,1,1,0,1,1,1,1,1,0,1,0,0,1,1,1,1,1,1,1,1,1,1
ReXa_201,SC,live,0,1,1,1,1,1,0,0,0,0,0,0,0,1,0,0,1,1,1,0,0,0,1,0,0,0,0,0,0,0,0,0,0,1,0,0,0,0,0,0,0,0,1,1,0,1,1,1,0,0,0,1,1,0,1,1,1,0,0,1,0
ReXa_203,SC,live,1,1,1,1,1,1,1,1,1,1,0,1,1,1,1,1,1,1,1,0,1,1,1,0,1,0,1,1,1,0,0,1,0,1,1,1,1,1,0,1,1,1,1,1,1,1,1,1,0,0,1,1,1,1,1,1,1,1,1,1,1
ReXa_204,SC,live,1,1,1,1,1,1,0,1,1,1,1,1,1,1,1,1,1,1,1,1,1,1,1,0,1,1,1,1,1,0,1,1,1,1,1,0,1,1,1,1,1,1,0,1,1,1,1,0,1,0,1,1,1,0,0,1,1,1,1,1,1
ReXa_205,SC,recording,1,1,1,1,0,1,0,0,1,0,0,1,1,1,0,1,1,1,1,1,1,0,1,0,0,0,1,1,1,1,0,0,0,0,0,0,1,1,1,1,1,0,1,1,0,1,1,0,0,0,0,1,0,0,0,1,1,0,1,1,1
ReXa_206,SC,recording,0,1,1,1,0,1,0,1,0,1,0,1,0,1,0,1,1,1,1,0,1,1,1,0,1,0,1,1,1,0,1,1,1,0,0,0,0,1,0,0,0,0,1,1,0,1,0,0,0,0,0,1,1,0,1,1,1,0,1,1,1
ReXa_207,SC,live,1,1,1,1,1,1,0,0,0,1,0,0,1,1,1,1,1,1,1,1,1,0,1,0,1,0,1,1,1,1,0,1,1,1,1,0,1,1,1,1,1,1,1,1,0,1,1,1,0,0,1,1,1,0,1,1,1,0,1,0,1
ReXa_208,SC,live,1,1,1,1,1,1,0,1,1,1,0,1,1,1,1,1,1,1,1,0,1,1,1,0,1,0,1,1,1,0,1,1,0,1,1,0,1,1,0,1,1,0,1,1,1,1,1,0,0,0,0,1,1,0,0,1,1,0,1,1,1
ReXa_209,SC,live,1,1,1,1,1,1,0,1,1,1,1,0,1,1,1,1,1,1,1,1,1,1,1,0,1,0,1,1,1,0,1,1,0,1,1,0,1,1,1,1,1,0,1,1,1,1,1,0,0,0,1,0,1,0,0,1,1,1,1,1,1
ReXa_211,SC,live,0,1,1,1,1,1,1,1,1,1,1,1,0,1,1,1,1,1,1,1,1,0,1,1,1,0,1,1,1,1,0,1,0,1,1,0,1,1,0,1,1,0,1,1,1,1,1,1,1,0,0,1,1,0,1,1,1,0,1,1,1
ReXa_214,SC,recording,1,1,1,1,1,1,0,0,1,1,0,1,0,1,1,1,1,1,1,1,1,1,1,0,0,0,1,1,1,0,0,1,0,1,0,0,0,1,1,0,1,0,0,1,0,1,1,1,0,0,1,1,1,0,1,1,1,0,1,1,1
ReXa_215,SC,live,1,1,1,1,1,1,0,1,1,1,1,0,1,1,0,1,1,1,1,0,1,1,1,0,1,1,1,1,1,1,0,1,1,1,1,0,1,1,0,1,1,1,1,1,1,1,1,0,0,0,1,1,1,0,1,1,1,1,1,1,1
ReXa_217,SC,recording,1,1,1,1,1,1,1,0,1,1,0,1,1,1,1,1,1,1,1,1,1,0,1,0,1,0,1,1,1,1,1,1,0,1,0,0,1,1,0,1,1,0,1,1,1,1,0,0,1,0,1,1,1,1,1,1,1,1,1,1,1
ReXa_218,SC,recording,1,0,1,1,1,1,0,0,1,1,0,0,0,1,1,1,1,1,1,1,1,1,1,1,0,0,1,1,1,1,0,1,0,0,1,0,1,0,0,1,1,0,1,1,0,1,1,0,1,0,0,1,1,0,1,0,1,0,1,1,1
ReXa_219,SC,recording,1,0,1,1,1,0,0,1,1,1,0,0,1,1,1,1,1,1,1,0,1,1,1,0,1,0,1,1,0,0,0,1,0,0,0,0,1,1,0,0,1,0,1,1,0,1,1,0,0,0,0,1,1,0,0,1,1,0,1,1,1
ReXa_221,SC,recording,1,1,1,1,1,1,0,1,1,1,1,1,1,1,1,1,1,1,1,1,1,1,1,0,1,0,1,1,1,0,1,1,1,1,1,0,1,1,0,1,1,0,1,1,1,1,1,0,0,0,1,0,1,1,1,1,1,1,1,1,1
ReXa_222,SC,recording,1,1,1,1,1,1,1,0,0,1,1,1,0,1,1,1,1,1,1,1,1,1,1,1,1,0,1,1,1,1,0,1,1,1,1,1,1,1,0,1,1,0,1,1,0,1,1,0,0,0,0,1,1,0,1,1,1,0,1,1,1
ReXa_227,SC,recording,1,1,1,1,1,1,0,0,1,1,0,1,1,1,1,1,1,1,1,0,1,1,1,0,1,0,1,1,0,0,0,1,0,1,0,0,1,1,1,1,1,0,1,1,0,1,1,0,0,0,0,1,1,0,1,1,1,0,1,1,1
ReXa_229,SC,recording,1,1,1,1,1,1,0,1,1,1,0,0,0,1,1,1,1,1,1,1,1,0,0,0,1,0,1,1,1,1,0,1,1,0,1,0,0,1,1,0,1,0,1,1,0,1,1,1,0,0,0,0,1,0,1,1,1,1,1,1,1
ReXa_233,SC,recording,1,1,1,1,1,1,0,0,1,1,0,1,1,1,1,1,1,1,1,0,1,0,1,0,1,1,1,1,1,1,1,1,1,1,1,0,1,1,0,1,1,1,1,1,1,1,1,0,1,0,1,1,1,0,1,1,1,1,1,1,1
ReXa_235,SC,recording,0,1,1,1,1,1,0,0,1,1,1,0,0,1,1,0,1,1,1,0,1,1,1,0,1,0,1,1,1,1,0,0,0,1,1,0,1,1,0,1,1,0,1,1,1,1,1,0,0,0,1,0,0,0,1,1,1,1,1,1,1
ReXa_237,SC,recording,1,1,1,1,1,1,0,0,0,1,1,0,1,1,1,0,0,1,1,0,1,0,1,0,1,0,1,1,1,0,1,1,0,0,1,0,1,1,1,1,1,0,1,1,0,1,1,0,0,0,0,1,1,0,0,1,1,0,1,1,1
ReXa_238,SC,recording,1,0,1,1,1,1,0,0,0,1,0,0,1,1,1,1,1,1,1,0,1,1,1,0,1,0,1,1,1,1,1,1,0,0,1,0,1,1,1,1,1,0,1,1,0,1,1,0,1,0,0,1,1,0,1,1,1,0,1,1,1
ReXa_240,SC,recording,0,1,1,1,1,1,0,1,1,1,0,0,0,1,1,1,1,1,1,0,1,0,1,0,1,0,1,1,1,0,1,1,1,1,0,0,1,1,0,1,1,0,1,1,1,1,1,0,0,0,1,1,1,0,1,1,1,1,1,1,1
ReXa_244,SC,live,0,1,1,1,1,1,0,0,1,1,0,0,1,1,1,0,1,1,1,1,1,1,1,1,1,0,1,1,1,1,0,1,0,1,0,0,0,1,0,1,1,0,1,1,0,1,1,0,0,0,0,1,1,0,1,1,1,1,1,1,1
ReXa_261,SC,live,1,1,1,1,1,1,0,1,1,1,0,1,1,1,1,1,1,1,1,0,1,1,1,0,1,0,1,1,1,0,1,1,1,0,1,0,1,1,1,1,1,0,1,1,1,1,1,0,0,0,0,1,1,0,1,1,1,1,1,1,1
ReXa_264,SC,live,1,1,1,1,1,1,0,1,1,1,1,1,1,1,1,1,1,1,1,1,1,0,1,0,1,0,1,1,1,1,1,1,1,1,1,0,1,1,0,1,1,0,1,1,0,1,1,0,0,0,0,1,0,0,1,1,1,1,1,1,1
ReXa_304,SC,live,1,1,1,1,1,1,0,0,1,1,0,0,1,1,1,1,1,1,1,1,1,0,1,0,0,0,1,1,1,1,0,1,0,1,1,0,1,1,0,1,1,1,1,1,0,1,1,0,0,0,0,1,1,0,1,1,1,1,1,1,1
ReXa_312,SC,live,1,0,0,1,1,0,0,0,0,0,0,0,1,1,0,1,0,1,1,0,1,1,1,0,0,0,1,1,1,1,0,0,0,1,0,0,0,0,0,0,0,0,1,1,0,0,1,0,0,0,0,1,1,1,1,1,1,0,1,1,1
ReXa_322,SC,live,1,1,1,1,1,1,0,0,1,1,0,0,1,1,0,1,1,1,1,0,1,0,1,0,1,0,1,1,1,1,1,1,0,1,1,0,1,1,1,0,1,0,1,1,0,1,1,0,0,0,0,1,1,0,1,1,1,0,1,1,1
ReXa_328,SC,live,1,1,1,1,1,1,0,0,1,1,0,0,0,1,0,0,1,1,1,0,1,1,1,0,1,0,1,1,1,1,0,1,1,1,0,0,1,1,0,1,1,0,1,1,0,1,1,0,0,0,0,1,1,1,1,1,1,0,1,1,1
ReXa_343,SC,live,1,1,1,1,1,1,0,0,0,1,0,0,0,1,1,0,0,1,1,0,1,1,1,0,1,0,1,1,1,1,0,1,1,0,0,0,0,1,0,1,1,0,1,1,0,1,1,0,0,0,1,1,1,1,1,1,1,1,1,1,1
